unit_id,hours,failed
P01,840.0,1
P02,840.0,1
P03,1704.0,1
P04,2064.0,1
P05,3528.0,1
P06,3672.0,1
P07,3696.0,1
P08,3768.0,1
P09,4080.0,1
P10,4440.0,1
P11,5088.0,1
P12,6120.0,1
P13,6384.0,1
P14,6960.0,1
P15,7392.0,1
P16,7728.0,1
P17,8232.0,1
P18,8232.0,1
P19,8232.0,1
P20,8232.0,1
P21,8232.0,1
P22,8496.0,1
P23,9120.0,1
P24,9240.0,1
P25,9240.0,1
P26,9912.0,1
P27,11136.0,1
P28,13104.0,1
P29,13320.0,1
P30,15456.0,1
P31,15960.0,1
P32,16392.0,1
P33,16968.0,1
P34,16992.0,1
P35,18024.0,1
P36,18648.0,1
P37,20040.0,1
P38,20568.0,1
P39,21312.0,1
P40,22176.0,1
P41,22680.0,1
P42,22680.0,1
P43,22680.0,1
P44,23232.0,1
P45,27480.0,1
P46,27480.0,1
P47,28152.0,1
P48,34080.0,0
P49,34080.0,0
P50,34080.0,0
P51,34080.0,0
P52,34080.0,0
P53,34080.0,0
P54,34080.0,0
P55,34080.0,0
P56,34080.0,0
P57,34080.0,0
P58,34080.0,0
P59,34080.0,0
P60,34080.0,0
P61,34080.0,0
P62,34080.0,0
P63,34080.0,0
P64,34080.0,0
P65,34080.0,0
P66,34080.0,0
P67,34080.0,0
P68,34080.0,0
P69,34080.0,0
P70,34080.0,0
P71,34080.0,0
P72,34080.0,0
P73,34080.0,0
P74,34080.0,0
P75,34080.0,0
P76,34080.0,0
P77,34080.0,0
P78,34080.0,0
P79,34080.0,0
P80,34080.0,0
P81,34080.0,0
P82,34080.0,0
P83,34080.0,0
P84,34080.0,0
P85,34080.0,0
P86,34080.0,0
P87,34080.0,0
P88,34080.0,0
P89,34080.0,0
P90,34080.0,0
P91,34080.0,0
P92,34080.0,0
P93,34080.0,0
P94,34080.0,0
P95,34080.0,0
P96,34080.0,0
P97,34080.0,0
P98,34080.0,0
P99,34080.0,0
