pop_size,hypervolume,runtime_s
40,0.9690698708445816,9.02529790000699
80,0.973225377082824,7.311842099996284
120,0.975423328593776,6.664745000001858
160,0.976603359034802,6.539667799996096
200,0.9769392669057343,6.866965699999128
240,0.9774649936790373,6.384221499989508
280,0.9777228041301049,6.122319999994943
320,0.9778556356058071,6.156183800005238
360,0.9780032763199197,6.155066400009673
400,0.9780813629462867,6.304910499995458
440,0.9781919473119476,6.469061099996907
480,0.9782308438988927,6.439385199992103
520,0.9783360814183208,6.751930800004629
560,0.9783904868748855,6.678589899995131
600,0.9784252455090936,6.703227800011518
640,0.978468182042455,6.889910500001861
680,0.9784952189864886,6.901479399995878
720,0.978537427604315,7.13297479999892
760,0.9785767314422071,7.157142000010936
800,0.9786084190769593,7.220358199992916
840,0.9786191645463592,7.307281300003524
880,0.9786574856599772,7.408426800000598
920,0.9786661071802785,7.538632099996903
960,0.9786883281522322,7.701573199999984
1000,0.9787088457297431,7.763170499994885
