setting,value,trial,hypervolume
pop_size,40.0,0,0.9683043878853013
pop_size,40.0,1,0.968951717316662
pop_size,40.0,2,0.9690748493893666
pop_size,40.0,3,0.9681890962172344
pop_size,40.0,4,0.9688159993141695
pop_size,1000.0,0,0.9787131486930626
pop_size,1000.0,1,0.9786979931475376
pop_size,1000.0,2,0.9787094024584598
pop_size,1000.0,3,0.978703353297535
pop_size,1000.0,4,0.9786990658199375
p_mutate,0.01,0,0.9781156327149886
p_mutate,0.01,1,0.9781242260045115
p_mutate,0.01,2,0.9781017748297081
p_mutate,0.01,3,0.9780899000795951
p_mutate,0.01,4,0.9781146965018094
p_mutate,0.05,0,0.9780884307851453
p_mutate,0.05,1,0.9780459811907948
p_mutate,0.05,2,0.9780772325260592
p_mutate,0.05,3,0.9780634556661764
p_mutate,0.05,4,0.978046152950218
p_crossover,0.8,0,0.9780910881131334
p_crossover,0.8,1,0.9780919606272614
p_crossover,0.8,2,0.9780579682118592
p_crossover,0.8,3,0.9780918479476655
p_crossover,0.8,4,0.9781055567176872
p_crossover,0.98,0,0.9781156327149886
p_crossover,0.98,1,0.9781242260045115
p_crossover,0.98,2,0.9781017748297081
p_crossover,0.98,3,0.9780899000795951
p_crossover,0.98,4,0.9781146965018094
eta_c,1.0,0,0.9781250786529812
eta_c,1.0,1,0.9781029030322487
eta_c,1.0,2,0.9780966451560706
eta_c,1.0,3,0.9780968186435636
eta_c,1.0,4,0.9780805089209791
eta_c,20.0,0,0.9781156327149886
eta_c,20.0,1,0.9781242260045115
eta_c,20.0,2,0.9781017748297081
eta_c,20.0,3,0.9780899000795951
eta_c,20.0,4,0.9781146965018094
eta_m,1.0,0,0.9780449829348932
eta_m,1.0,1,0.978033477302982
eta_m,1.0,2,0.9780760239182249
eta_m,1.0,3,0.9781189248436744
eta_m,1.0,4,0.9780758134461478
eta_m,20.0,0,0.9781156327149886
eta_m,20.0,1,0.9781242260045115
eta_m,20.0,2,0.9781017748297081
eta_m,20.0,3,0.9780899000795951
eta_m,20.0,4,0.9781146965018094
